片区,总价(万元),小区,朝向,面积
东城,1299,东花市北里西区,2室2厅,133.21
东城,1490,花市枣苑一期,3室2厅,146.06
东城,550,天坛东路64号,2室1厅,54.76
东城,471,天坛东里中区,2室1厅,48.56
东城,1130,交道口东大街,2室1厅,72.57
东城,1375,国瑞城中区,4室2厅,122.8
东城,2050,上龙西里,3室2厅,187.66
东城,550,悠胜美苑,1室1厅,65.55
东城,748,西青年沟,2室1厅,59.39
东城,1038,新景家园东区,2室2厅,77.85
东城,375,天坛东里中区,1室1厅,33.47
东城,2200,冠城名敦道B区,3室1厅,174.97
东城,596,安德路55号院,2室1厅,56.69
东城,728,西革新里112号院,2室1厅,91.06
东城,666,建予园,2室1厅,83.71
东城,568,龙潭西里,2室1厅,50.44
东城,1280,豆瓣胡同,3室1厅,86.1
东城,870,法华南里,2室2厅,80.85
东城,2700,安馨园,6室2厅,311.87
东城,670,金鱼池西区,2室1厅,61.48
东城,1190,菊儿胡同,4室1厅,92.35
东城,876,新景家园东区,2室1厅,79.93
东城,425,三元街甲19号院,2室1厅,52.93
东城,1040,东直门内北小街8号院,3室1厅,90.76
东城,1249,太华公寓,3室1厅,231.13
东城,2190,阳光都市,4室1厅,240.55
东城,715,东皇城根南街,2室1厅,52.96
东城,515,景泰西里西区,1室1厅,61.0
东城,950,豆瓣胡同,2室1厅,70.83
东城,579,胡家园小区,2室1厅,54.97
东城,715,夕照寺中街,2室1厅,61.26
东城,750,东直门内大街,2室1厅,64.89
东城,525,中国强胡同,2室1厅,51.4
东城,430,李村南里,1室1厅,41.97
东城,880,小黄庄一区,2室1厅,70.01
东城,1035,巷上嘉园,2室1厅,90.52
东城,580,左安浦园,1室1厅,60.8
东城,500,天坛东里南区,2室1厅,47.17
东城,758,金鱼池中区,2室1厅,72.85
东城,698,前门东大街7号,2室1厅,60.92
东城,769,和平里四区,3室1厅,56.91
东城,980,大羊宜宾胡同33号院,3室1厅,84.14
东城,640,北河沿大街,2室1厅,53.03
东城,730,民旺园,3室1厅,56.64
东城,709,永康胡同1号院,1室1厅,47.26
东城,370,西革新里110号院,1室1厅,42.32
东城,688,和平里七区,2室1厅,50.65
东城,1130,小黄庄一区,3室1厅,90.28
东城,1009,民安小区东扬威街,3室1厅,104.67
东城,460,西革新里108号院,2室1厅,56.48
东城,1100,丽水湾畔家园,2室1厅,130.0
东城,440,复康南里,2室1厅,47.55
东城,830,华龙美晟,2室1厅,95.88
东城,1065,车辇店胡同,3室1厅,85.26
东城,598,天坛东路64号,3室1厅,57.41
东城,1410,水上华城,2室1厅,117.66
东城,595,龙潭北里,2室1厅,59.3
东城,635,新景家园东区,1室1厅,59.39
东城,1050,京城仁合,3室1厅,114.51
东城,419,兴隆都市馨园,1室0厅,27.06
东城,685,望陶园小区,2室1厅,82.42
东城,560,法华南里,1室1厅,46.49
东城,1170,交道口东大街,2室1厅,92.96
东城,509,光明楼,1室1厅,43.27
东城,758,什锦花园胡同22号院,2室1厅,58.32
东城,585,前门东大街,2室1厅,50.05
东城,740,新景家园东区,1室1厅,58.05
东城,498,左安浦园,1室1厅,49.36
东城,950,国瑞城中区,3室1厅,89.01
东城,1040,东厂北巷,3室1厅,76.97
东城,1050,京城仁合,2室1厅,121.94
东城,566,营房西街,2室1厅,57.77
东城,540,白桥大街,2室1厅,56.4
东城,858,新景家园东区,2室1厅,75.53
东城,666,华龙美晟,2室1厅,80.77
东城,470,富莱茵花园,2室1厅,68.62
东城,890,绿景馨园,2室1厅,85.23
东城,980,黄寺大街2号院,3室1厅,94.69
东城,559,东四块玉南街,2室1厅,52.7
东城,940,天天家园,2室2厅,126.73
东城,590,苏州胡同,2室1厅,53.61
东城,1000,永康胡同18号院,3室1厅,71.4
东城,970,新景家园西区,3室1厅,91.32
东城,1830,新世界家园,2室1厅,132.43
东城,1025,京宝花园,2室1厅,162.24
东城,998,元嘉国际公寓,2室1厅,117.2
东城,505,兴隆都市馨园,1室1厅,52.82
东城,615,沙子口路72号,3室1厅,79.39
东城,720,忠实里,3室1厅,82.2
东城,688,柏林寺西,3室1厅,56.55
东城,1300,外交部街33号院,2室1厅,82.41
东城,820,安定路,2室1厅,72.64
东城,835,华龙美晟,2室1厅,91.44
东城,628,广渠门外南街,2室1厅,68.11
东城,612,广渠门内大街,2室1厅,60.38
东城,410,天坛东里中区,2室1厅,45.59
东城,820,安德路47号院,3室1厅,70.37
东城,798,东直门内北小街16号,1室2厅,76.3
东城,752,东直门内大街,2室1厅,71.62
东城,625,金桥国际,1室1厅,63.35
东城,870,灯市口大街,2室1厅,68.82
东城,2390,朝阳首府,4室2厅,247.09
东城,750,兴隆都市馨园,2室1厅,67.61
东城,1200,中海紫御公馆,2室2厅,91.44
东城,1028,中海紫御公馆,2室2厅,90.08
东城,560,安外大街,1室1厅,46.83
东城,765,本家润园C区,2室1厅,77.71
东城,685,安定门东大街,2室1厅,56.11
东城,495,东直门外大街(东城）,1室1厅,38.21
东城,780,北竹杆胡同,2室1厅,68.16
东城,660,朝内大街203号院,2室1厅,50.43
东城,586,贡院西街,1室1厅,44.51
东城,768,民安小区东直门内北小街,2室1厅,77.08
东城,1185,林调社区,3室1厅,85.42
东城,850,东直门南大街,3室1厅,80.17
东城,625,幸福南里,2室1厅,55.05
东城,595,西营房,1室1厅,55.92
东城,629,东厂胡同,2室1厅,47.23
东城,633,国瑞城中区,1室1厅,58.67
东城,489,西营房,1室1厅,36.31
东城,669,东堂子胡同,2室1厅,63.85
东城,542,东直门北大街,1室1厅,48.26
东城,799,民安小区东直门北中街,2室1厅,77.87
东城,660,交道口北三条,2室1厅,56.15
东城,815,东直门内大街,2室1厅,71.45
东城,682,和平里七区,2室1厅,50.65
东城,1130,和平里中街3号院,2室1厅,95.27
东城,710,北官厅胡同甲二号院,2室1厅,57.12
东城,799,竹杆胡同,2室1厅,71.96
东城,798,沙滩后街55号院,2室1厅,56.91
东城,732,小黄庄一区,2室1厅,68.39
东城,760,分司厅胡同11号院,2室1厅,55.61
东城,1290,聚龙花园,3室2厅,180.58
东城,790,幸福家园二期,2室1厅,65.25
东城,555,长青园,2室1厅,57.75
东城,498,天坛东里中区,2室1厅,49.03
东城,840,东直门内大街,2室1厅,65.01
东城,1680,新景家园东区,3室2厅,154.95
东城,1695,雍和家园一期,3室1厅,158.38
东城,526,定安里,3室1厅,65.36
东城,500,光明楼,2室1厅,45.85
东城,635,培新街乙5号院,1室1厅,55.15
东城,838,兴隆都市馨园,2室1厅,74.17
东城,1120,美惠大厦,3室1厅,184.71
东城,2000,和平里东街10号院,3室2厅,128.22
东城,580,金桥国际,1室1厅,61.03
东城,865,东直门外斜街,4室1厅,89.92
东城,868,美术馆后街,3室1厅,72.88
东城,730,幸福北里,3室1厅,70.46
东城,960,安定路,3室1厅,90.69
东城,885,安化南里,2室1厅,87.8
东城,1160,新景家园东区,3室1厅,88.45
东城,740,左安浦园,2室1厅,85.57
东城,898,西营房,2室1厅,81.74
东城,890,东花市北里东区,2室1厅,75.16
东城,888,小黄庄一区,3室1厅,69.34
东城,1850,中海紫御公馆,3室2厅,136.14
东城,985,东花市北里中区,2室2厅,103.41
东城,1380,和平里中街3号院,3室1厅,106.98
东城,620,东交民巷21号院,2室1厅,49.38
东城,669,华龙美晟,2室1厅,80.39
东城,490,琉璃井东街,2室1厅,54.65
东城,725,潘家坡胡同4号院,3室1厅,66.45
东城,699,中海紫御公馆,2室1厅,61.66
东城,930,朝阳门南小街,2室1厅,80.32
东城,360,东堂子胡同,2室1厅,56.78
东城,402,兴隆都市馨园,1室0厅,28.66
东城,429,和平里一区,1室0厅,29.02
东城,548,冠城名敦道A区,1室0厅,63.01
东城,265,协和胡同,1室0厅,15.1
东城,639,安德里北街25号院,2室1厅,55.08
东城,568,和平里五区,1室1厅,40.98
东城,435,新中西街,1室1厅,40.51
东城,580,和平里五区,1室1厅,40.57
东城,628,胡家园小区,2室1厅,59.19
东城,742,和平里五区,2室1厅,55.12
东城,675,东四北大街,2室1厅,61.7
东城,795,国瑞城中区,2室1厅,75.49
东城,695,新景家园东区,1室1厅,59.19
东城,699,新景家园西区,1室1厅,59.18
东城,1070,交道口东大街,2室1厅,74.75
东城,682,望陶园小区,2室1厅,82.42
东城,659,广渠家园,2室1厅,71.27
东城,570,本家润园C区,1室1厅,53.24
东城,598,左安浦园,2室1厅,62.76
东城,875,上龙西里,2室1厅,69.92
东城,760,东直门外大街(东城）,2室1厅,78.76
东城,915,东直门外大街(东城）,3室1厅,88.38
东城,786,胡家园小区,3室1厅,71.75
东城,835,东环居苑,2室1厅,78.95
东城,950,安定门东大街,2室1厅,87.71
东城,588,西营房,1室1厅,57.53
东城,465,景泰东里,1室1厅,51.4
东城,835,民旺园,2室1厅,62.93
东城,520,后永康胡同2号院4号院,1室1厅,45.72
东城,410,兴隆都市馨园,1室0厅,39.97
东城,750,安外东河沿,2室1厅,58.94
东城,670,前门东大街1号,2室1厅,52.02
东城,810,东四四条,4室1厅,77.89
东城,790,民安小区东直门内北小街,2室1厅,77.22
东城,789,十字坡东里,3室1厅,72.37
东城,550,安化北里,2室1厅,58.26
东城,679,苏州胡同,3室1厅,77.59
东城,1030,青年湖南街,2室1厅,79.41
东城,595,景泰西里西区,2室1厅,76.93
东城,465,新中西街,1室1厅,44.71
东城,529,广渠家园,1室1厅,51.04
东城,1029,和平里中街3号院,2室1厅,82.95
东城,505,东方财富,1室0厅,44.82
东城,535,海晟名苑北区,1室0厅,48.46
东城,535,海晟名苑北区,1室0厅,48.46
东城,440,兴隆都市馨园,1室0厅,38.73
东城,495,西营房,1室1厅,36.31
东城,505,东方财富,1室0厅,44.82
东城,396,兴隆都市馨园,1室0厅,31.54
东城,460,建国门北大街5号,1室0厅,67.44
东城,520,安化北里,1室1厅,57.55
东城,365,百荣嘉园,1室1厅,47.25
东城,905,朝阳门北小街,2室1厅,67.96
东城,622,工体北里,2室1厅,54.37
东城,668,北竹杆胡同,1室1厅,55.12
东城,558,幸福南里,2室1厅,50.14
东城,450,定安里,2室1厅,57.3
东城,660,香河园北里,2室1厅,69.07
东城,830,安外大街3号院,3室1厅,70.07
东城,670,国瑞城中区,2室1厅,65.43
东城,580,苏州胡同,2室1厅,53.46
东城,822,安外西河沿路1号院,1室1厅,61.33
东城,649,本家润园C区,2室1厅,63.75
东城,520,夕照寺西里,1室1厅,42.59
东城,399,兴隆都市馨园,1室0厅,31.5
东城,1847,富贵园四区,4室2厅,153.52
东城,1350,土儿胡同,3室2厅,123.54
东城,900,富莱茵花园,2室1厅,136.84
东城,1850,本家润园一期,3室2厅,154.09
东城,880,中剪子巷,3室1厅,56.74
东城,1100,幸福家园三期,3室1厅,130.01
东城,780,兴隆都市馨园,2室1厅,73.33
东城,1140,万国城MOMA,2室1厅,92.52
东城,660,灯市口大街,1室1厅,50.35
东城,698,台基厂三条,2室1厅,60.79
东城,610,左安浦园,1室1厅,62.76
东城,728,富贵园三区,2室1厅,76.46
东城,632,东环居苑,1室1厅,57.71
东城,3209,左安漪园,4室2厅,373.34
东城,768,南岗子,3室1厅,78.07
东城,880,左安浦园,2室2厅,97.63
东城,1360,朝阳首府,2室1厅,124.24
东城,625,培新街乙5号院,1室1厅,55.15
东城,600,金桥国际,1室1厅,63.35
东城,1620,龙潭北里,4室1厅,165.5
东城,1650,东后河沿,4室2厅,191.4
东城,1460,东花市北里西区,2室2厅,134.86
东城,560,和平里三区,1室1厅,40.57
东城,649,广渠家园,2室1厅,60.31
东城,540,青年湖北里,2室1厅,43.31
东城,549,南岗子,2室1厅,53.59
东城,503,北岗子街,2室1厅,50.32
东城,2050,当代MOMA,3室2厅,189.66
东城,650,天坛西里东区,2室1厅,74.02
东城,1168,东中街,3室2厅,107.35
东城,930,远洋德邑,2室1厅,97.64
东城,599,仓南胡同12号院,3室1厅,65.42
东城,1150,煤渣胡同,4室1厅,97.75
东城,500,天坛西里北区,2室1厅,54.02
东城,820,东四块玉南街,2室1厅,98.01
东城,1300,富贵园一区,2室1厅,87.32
东城,1030,建国门北大街5号,3室1厅,177.32
东城,1116,兴化西里,3室2厅,115.94
东城,598,天坛东路64号,2室1厅,57.67
东城,735,建国门北大街,3室1厅,74.58
东城,1050,长青园,3室1厅,102.58
东城,999,太华公寓,2室1厅,149.58
东城,960,新景家园东区,2室1厅,80.46
东城,550,白桥大街,2室1厅,57.86
东城,710,地坛北里,2室1厅,56.07
东城,405,兴隆都市馨园,1室0厅,29.36
东城,480,城市亮点,1室1厅,47.18
东城,575,和平里一区,1室1厅,42.56
东城,666,安德路47号院,2室1厅,58.38
东城,806,竹杆胡同,2室1厅,68.36
东城,2655,丹耀大厦,3室1厅,265.44
东城,589,胡家园小区,2室1厅,52.83
东城,810,竹杆胡同,2室1厅,68.25
东城,635,花市枣苑三期,1室0厅,52.14
东城,798,安贞苑50号院,2室1厅,65.43
东城,590,国瑞城东区,1室1厅,55.15
东城,595,新景家园西区,1室1厅,54.46
东城,820,普渡寺西巷,1室1厅,56.16
东城,620,香河园北里,2室1厅,59.34
东城,560,北官厅胡同,1室1厅,38.31
东城,716,保利蔷薇,1室1厅,59.25
东城,808,民旺园,3室1厅,70.71
东城,950,和平里九区,3室1厅,96.83
东城,1195,土儿胡同,3室1厅,83.69
东城,608,新中西街,2室1厅,58.61
东城,2050,冠城名敦道B区,3室1厅,179.31
东城,738,美术馆后街,2室1厅,56.26
东城,660,新中西街,3室1厅,75.43
东城,815,元嘉国际公寓,2室1厅,90.4
西城,1100,羊肉胡同120号院,3室1厅,81.7
西城,580,西便门内大街79号院,2室1厅,60.74
西城,445,乐城,1室0厅,43.0
西城,820,白纸坊西街,2室1厅,89.68
西城,1070,清芷园,2室1厅,85.37
西城,560,小红庙,2室1厅,56.96
西城,895,北礼士路60号院,3室1厅,68.4
西城,1330,铁一区,3室1厅,95.7
西城,738,车公庄北里,1室1厅,55.4
西城,780,车公庄大街,2室1厅,64.8
西城,820,大拐棒胡同,2室1厅,48.4
西城,998,恒昌花园,2室1厅,109.72
西城,738,黄瓜园,2室1厅,54.6
西城,850,凌云居,2室1厅,94.92
西城,998,新街口西里三区,3室1厅,84.86
西城,1155,富国里小区,3室1厅,80.0
西城,890,车公庄北里,3室1厅,71.1
西城,750,北礼士路66号院,2室1厅,52.1
西城,635,广南小区,2室1厅,76.61
西城,600,权盛里,2室1厅,53.91
西城,825,南礼士路三条北里,2室1厅,57.5
西城,625,三义东里,2室2厅,50.35
西城,648,红莲中里,2室1厅,61.18
西城,610,手帕口北街,2室1厅,62.34
西城,735,平原里小区,2室1厅,63.55
西城,799,人定湖西里,2室1厅,50.1
西城,950,新外大街6号院,2室1厅,60.7
西城,560,马连道中里,2室1厅,58.46
西城,920,清芷园,2室1厅,78.18
西城,850,塔院胡同12号院,2室1厅,57.0
西城,695,展览路,2室1厅,52.9
西城,899,月坛西街西里,3室1厅,67.6
西城,1468,远见名苑,3室2厅,126.84
西城,799,铁二区,2室1厅,57.8
西城,1090,新风南里,3室1厅,62.9
西城,820,西豪逸景,2室1厅,78.36
西城,860,木樨地,2室1厅,67.7
西城,1300,西直门南大街,4室1厅,94.2
西城,1170,源屋曲,2室1厅,106.46
西城,1485,中信沁园,2室1厅,90.06
西城,706,牛街东里,2室1厅,76.71
西城,655,西便门东里,2室1厅,56.66
西城,789,三里河南二巷,2室1厅,54.9
西城,549,政泰家园,2室1厅,67.44
西城,610,双槐里,2室1厅,44.43
西城,830,南纬路南巷9号院,3室1厅,75.23
西城,510,车站东街15号院,2室1厅,51.92
西城,1050,铁二区,3室1厅,69.9
西城,1200,德胜里一区,3室1厅,79.7
西城,1198,新外大街28号院,3室1厅,75.9
西城,898,常青藤嘉园,2室1厅,88.78
西城,990,北礼士路,3室1厅,73.8
西城,1490,格调小区,3室1厅,140.13
西城,750,新街口西里三区,1室1厅,55.92
西城,1349,立恒名苑,5室2厅,257.24
西城,2390,阳光丽景,3室1厅,146.71
西城,1160,车公庄大街,3室1厅,85.8
西城,630,车站西街15号院,2室1厅,58.56
西城,620,车站西街17号院,2室1厅,54.84
西城,568,牛街西里,1室1厅,58.27
西城,880,月坛南街小四道口,2室1厅,60.18
西城,410,红莲中里,1室0厅,26.66
西城,849,海润花园,2室1厅,81.96
西城,466,政泰家园,1室1厅,59.18
西城,776,白广路二条,2室1厅,77.8
西城,795,朝阳庵,3室1厅,78.6
西城,760,双旗杆东里,1室1厅,52.7
西城,588,手帕口北街,3室1厅,56.71
西城,1040,大乘巷,3室1厅,74.3
西城,1043,裕中东里,3室1厅,75.3
西城,1930,红山世家,3室1厅,137.43
西城,790,扣钟北里,2室1厅,65.0
西城,865,丽阳四季,2室1厅,93.73
西城,1550,丽水莲花,3室1厅,125.25
西城,610,车站西街,2室1厅,57.57
西城,1160,温馨家园,2室2厅,77.4
西城,1450,新康街甲一号,3室1厅,94.01
西城,1250,广信嘉园,3室1厅,143.05
西城,750,南半截胡同26号院,3室1厅,73.29
西城,970,广信嘉园,2室2厅,130.03
西城,1386,白广路东里1号院,3室2厅,127.12
西城,1170,广信嘉园,2室2厅,158.36
西城,555,榆树馆西里,1室1厅,38.3
西城,1460,馨莲茗园,3室2厅,146.58
西城,800,五路通北街3号院,2室1厅,51.0
西城,615,阜成门南大街,1室1厅,40.1
西城,495,牛街18,1室0厅,52.06
西城,468,荣丰2008,1室1厅,27.86
西城,665,白云观,1室1厅,47.6
西城,858,月坛西街乙2号院,2室1厅,59.8
西城,1300,安德馨居,3室2厅,88.58
西城,950,黄寺大街24号院,2室1厅,59.4
西城,636,椿树园,1室1厅,47.95
西城,1020,华龙美钰,2室1厅,85.25
西城,590,建功东里,2室1厅,55.43
西城,569,红莲北里,2室1厅,47.36
西城,1290,佟麟阁路62号院,2室1厅,74.1
西城,730,复兴门外大街,2室1厅,51.7
西城,880,青春无限,2室1厅,91.31
西城,525,乐城,1室1厅,45.32
西城,499,禄长街二条,1室1厅,44.08
西城,640,白广路6号院,3室1厅,63.89
西城,790,樱桃二条8号院,2室1厅,74.3
西城,580,天宁寺西里,2室1厅,58.05
西城,529,建功南里,1室1厅,49.48
西城,720,平原里小区,2室1厅,62.74
西城,840,格调小区,1室1厅,80.7
西城,1416,温馨家园,2室1厅,80.5
西城,510,乐城,1室1厅,45.48
西城,795,天桥北里,2室1厅,81.48
西城,588,马连道路甲18号院,2室1厅,62.31
西城,738,六铺炕二区,1室1厅,42.4
西城,790,新街口西里三区,2室1厅,70.12
西城,870,新街口西里三区,2室1厅,60.71
西城,459,常青藤嘉园,1室1厅,34.87
西城,612,登莱胡同,3室1厅,68.74
西城,1150,万博苑,2室1厅,102.87
西城,985,富国里小区,2室1厅,69.3
西城,560,胜利三巷,2室1厅,50.22
西城,715,裕中东里,1室1厅,42.3
西城,570,莲花池东路24号院,1室1厅,55.92
西城,509,远见名苑,1室0厅,57.75
西城,730,复兴门外大街,2室1厅,50.7
西城,715,裕中东里,1室1厅,42.3
西城,640,宣武门西大街,2室1厅,52.66
西城,985,富国里小区,2室1厅,69.3
西城,650,西便门内大街79号院,2室1厅,58.29
西城,560,胜利三巷,2室1厅,50.22
西城,500,小寺街,2室1厅,50.45
西城,439,天宁寺西里,1室1厅,44.72
西城,630,建功北里,2室1厅,63.14
西城,519,车站东街15号院,2室1厅,51.31
西城,610,团结大院,1室1厅,42.2
西城,900,三里河二区,2室1厅,56.9
西城,522,荣丰2008,1室1厅,34.53
西城,568,车站东街甲9号院,2室1厅,54.64
西城,769,后桃园胡同9号院,3室1厅,57.1
西城,545,广安门外大街,2室1厅,54.34
西城,920,塔院胡同12号院,2室1厅,62.9
西城,619,月坛北街,1室1厅,38.5
西城,720,馨莲茗园,1室1厅,73.77
西城,890,复兴门外大街,2室0厅,70.79
西城,718,红莲南里,2室1厅,70.26
西城,578,榆树馆西里,1室1厅,40.4
西城,679,展览路,2室1厅,53.2
西城,695,三里河二区,1室1厅,41.6
西城,1217,月坛南街19号院,3室1厅,79.7
西城,1180,新风街,3室1厅,78.4
西城,880,信德园,2室2厅,108.59
西城,1200,文联宿舍,3室1厅,80.6
西城,1220,似海怡家,3室1厅,127.65
西城,1780,四平园,4室2厅,183.36
西城,1235,信德园,3室2厅,146.54
西城,1850,恒昌花园,4室2厅,198.35
西城,820,右安胡同乙7号院,3室1厅,77.31
西城,1320,陶然北岸,2室1厅,92.97
西城,1998,官园公寓,4室1厅,142.0
西城,450,三庙大院,2室1厅,51.65
西城,839,新明胡同,2室1厅,58.3
西城,988,右安门内西街1号院,3室2厅,106.01
西城,880,双旗杆东里,2室1厅,58.7
西城,990,法源寺西里小区,3室1厅,102.46
西城,800,新安中里,2室1厅,70.84
西城,839,新明胡同,2室1厅,60.7
西城,1268,鲍家街,3室1厅,79.8
西城,1396,阜成门外北四巷,4室1厅,127.0
西城,1132,西黄城根45号院,3室1厅,65.0
西城,960,水电部宿舍,4室1厅,100.6
西城,1039,西豪逸景,3室1厅,93.92
西城,1160,法源寺西里小区,3室2厅,123.36
西城,1260,月坛北小街1号院,3室1厅,104.9
西城,1050,新风南里,2室1厅,73.3
西城,780,后桃园胡同9号院,3室1厅,54.1
西城,880,常青藤嘉园,2室1厅,86.09
西城,1700,清芷园,3室1厅,154.14
西城,1239,马甸南村,2室1厅,75.0
西城,660,广南小区,2室1厅,73.96
西城,650,右安门内大街,3室0厅,57.37
西城,738,广安苑一期,3室1厅,72.05
西城,585,广南小区,2室1厅,63.29
西城,585,广南小区,2室1厅,63.29
西城,620,北礼士路,2室1厅,40.9
西城,865,丽阳四季,2室1厅,93.73
西城,1080,铁二区,3室1厅,70.3
西城,770,五路通北街3号院,2室1厅,49.4
西城,908,什坊街,2室1厅,62.1
西城,1420,月坛西街西里,3室1厅,95.38
西城,675,阜成门南大街,2室1厅,58.2
西城,1098,真武庙六里,3室1厅,79.4
西城,530,天桥北里,2室1厅,56.33
西城,1045,白云观,3室1厅,70.0
西城,597,木樨地,1室1厅,33.2
西城,475,荣丰2008,1室0厅,37.85
西城,495,荣丰2008,1室1厅,31.53
西城,406,荣丰2008,1室0厅,25.84
西城,415,红莲中里,1室0厅,31.7
西城,1060,温馨家园,2室1厅,66.6
西城,729,西便门外大街,1室1厅,42.9
西城,960,新风北街,2室1厅,61.5
西城,1050,月坛西街乙2号院,3室1厅,71.0
西城,600,红莲中里,2室1厅,59.01
西城,1660,朗琴园,3室2厅,120.96
西城,826,航空胡同40号院,2室1厅,63.5
西城,630,小马厂东里,2室1厅,63.18
西城,766,灵境胡同,1室1厅,45.7
西城,940,汽南小区,2室1厅,68.7
西城,600,新安中里,1室1厅,49.98
西城,720,北欧印象,2室1厅,64.83
西城,1199,新壁街,3室1厅,88.44
西城,640,红莲中里,2室1厅,58.91
西城,550,天宁寺东里,2室1厅,60.99
西城,816,广安门外大街,3室1厅,88.58
西城,898,新壁街,2室1厅,59.87
西城,1225,教育街,3室1厅,74.3
西城,729,西便门外大街,1室1厅,42.9
西城,576,红居南街,2室1厅,64.61
西城,1060,温馨家园,2室1厅,66.6
西城,1160,中信锦园,1室1厅,73.63
西城,720,北欧印象,2室1厅,64.83
西城,1199,新壁街,3室1厅,88.44
西城,1050,月坛西街乙2号院,3室1厅,71.0
西城,685,右安门内西街甲10号院,2室1厅,62.89
西城,1118,中信沁园,2室1厅,66.52
西城,640,红莲中里,2室1厅,58.91
西城,960,新风北街,2室1厅,61.5
西城,820,德胜里西街3号院,2室1厅,56.7
西城,680,车公庄大街,1室1厅,48.1
西城,1168,什坊街2号院,2室1厅,82.0
西城,750,平原里小区,2室1厅,63.79
西城,1580,中信锦园,2室1厅,96.91
西城,670,新街口西里三区,1室1厅,49.75
西城,670,铁二区,1室1厅,40.3
西城,940,远见名苑三期,2室1厅,96.25
西城,835,三里河北街2号院,2室1厅,51.7
西城,1178,远雄大观,2室1厅,95.18
西城,745,羊肉胡同120号院,1室1厅,41.5
西城,720,新明胡同,1室1厅,44.0
西城,690,马连道中里,2室1厅,63.39
西城,890,新外大街6号院,2室1厅,55.4
西城,715,牛街西里,2室1厅,73.87
西城,558,牛街西里,1室1厅,58.27
西城,591,西便门内大街97号院,2室1厅,57.51
西城,448,天宁寺东里,1室1厅,43.98
西城,470,西便门西里,2室1厅,49.16
西城,710,展览路,2室1厅,56.4
西城,940,远见名苑三期,2室1厅,96.25
西城,635,铁路巷,2室1厅,48.9
西城,628,南露园,1室1厅,43.9
西城,916,北广家园,1室1厅,67.91
西城,517,南滨河路,2室1厅,49.5
西城,850,南露园,2室1厅,61.8
西城,1120,白纸坊西街,2室1厅,101.93
西城,1280,扣钟北里,3室1厅,80.5
西城,820,马连道中里,3室1厅,73.32
西城,875,阜成门外大街,3室1厅,76.9
西城,700,白纸坊西街6号院,2室1厅,55.76
西城,725,长椿街西里,3室1厅,58.39
西城,730,如意里,2室1厅,58.1
西城,860,北樱桃园17号院,2室1厅,80.0
西城,445,三义里,1室1厅,33.56
西城,399,荣丰2008,1室0厅,25.84
西城,550,远见名苑,1室0厅,57.75
西城,489,青春无限,1室0厅,52.59
西城,388,荣丰2008,1室0厅,25.39
西城,410,荣丰2008,1室0厅,25.39
西城,780,北礼士路62号院,2室1厅,62.2
西城,545,白菜湾四巷17号院,2室1厅,49.36
西城,715,北营房西里,2室1厅,53.0
西城,819,报国寺东夹道1号东院,3室1厅,73.71
西城,1019,复兴门北大街,3室1厅,72.5
西城,658,西便门内大街97号院,2室1厅,55.99
西城,1019,复兴门北大街,3室1厅,72.5
西城,765,车公庄北里,2室1厅,57.9
西城,710,牛街西里,2室1厅,76.08
西城,1050,北顺城街11号院,4室1厅,115.6
西城,890,裕中东里,2室1厅,60.4
西城,550,白菜湾社区,2室1厅,59.82
西城,1600,德胜里二区,2室1厅,92.46
西城,725,新壁街,1室1厅,51.6
西城,710,红莲南里,3室1厅,73.5
西城,4798,一瓶,4室2厅,269.66
西城,1200,三里河东路7号院,3室1厅,84.0
西城,770,人定湖西里,2室1厅,66.4
西城,682,广安门北街,2室1厅,77.6
西城,645,阜成门外北街,1室1厅,46.0
西城,595,天宁寺东里,2室1厅,56.11
西城,1088,槐柏树后街,3室1厅,87.86
西城,588,双槐里,1室1厅,43.66
西城,728,畅柳园,2室1厅,65.93
西城,608,红莲中里,2室1厅,58.23
西城,730,平原里小区,2室1厅,65.72
西城,755,北营房西里,2室1厅,56.7
西城,598,红居斜街4号院,3室1厅,63.31
西城,870,安德路,2室1厅,62.2
西城,475,右安门内西街甲10号院,1室1厅,38.88
西城,1120,阜成门外北四巷,3室1厅,99.3
西城,635,白广路二条,2室1厅,57.69
西城,650,北营房西里,1室1厅,44.6
西城,510,朝阳庵,2室1厅,38.8
西城,618,汽北小区,2室1厅,52.8
朝阳,950,华盛乐章,3室2厅,154.42
朝阳,890,嘉润花园,4室1厅,174.72
朝阳,985,望京西园三区,3室1厅,161.71
朝阳,500,通惠家园,2室1厅,75.03
朝阳,528,甘露西园,3室1厅,101.09
朝阳,380,东架松,3室1厅,64.33
朝阳,545,兴隆家园,3室1厅,100.14
朝阳,499,京棉新城三厂,2室1厅,85.4
朝阳,482,农光东里,3室1厅,76.13
朝阳,580,金台里,3室1厅,71.3
朝阳,278,潘家园南里,1室1厅,45.08
朝阳,528,兴隆家园,3室1厅,97.26
朝阳,414,平乐园小区,2室1厅,61.27
朝阳,740,电子城小区,3室1厅,137.01
朝阳,438,朝阳新城一区,2室2厅,96.82
朝阳,665,朝阳园,2室2厅,95.12
朝阳,590,吕营嘉园A区,3室1厅,133.1
朝阳,700,沿海赛洛城三期,2室1厅,92.3
朝阳,1260,亚奥金茂悦,3室2厅,135.15
朝阳,760,筑华年,3室1厅,97.14
朝阳,635,安慧里三区,3室1厅,79.94
朝阳,470,丽都职工公寓,2室1厅,68.72
朝阳,1380,禧福汇,3室2厅,158.54
朝阳,1850,东湖湾一期,3室2厅,148.33
朝阳,1580,华鼎世家,3室1厅,213.47
朝阳,445,朝阳新城五区,2室1厅,87.92
朝阳,900,富力又一城C区,3室2厅,172.19
朝阳,2200,保利中央公园,4室2厅,144.88
朝阳,1080,奥林匹克花园一期,4室3厅,218.49
朝阳,1200,嘉美风尚中心,3室2厅,142.53
朝阳,1210,东润枫景三期,3室2厅,173.05
朝阳,580,北京新天地二期,2室1厅,102.0
朝阳,895,首城国际B区,2室1厅,82.94
朝阳,645,翠成馨园B区,3室2厅,129.79
朝阳,430,农光里,3室1厅,66.78
朝阳,788,蓝色家园,2室2厅,116.89
朝阳,395,水碓子东路,2室1厅,55.02
朝阳,268,三间房南里4号院,2室1厅,59.41
朝阳,270,垡头北里,2室1厅,54.47
朝阳,479,松榆西里,3室1厅,76.86
朝阳,526,沿海赛洛城七期,2室1厅,71.21
朝阳,575,安贞西里,2室1厅,57.97
朝阳,618,安华西里社区,2室1厅,65.64
朝阳,379,柏林爱乐三期,1室1厅,67.7
朝阳,800,晨光家园B区,2室1厅,100.08
朝阳,880,爱这城一期,2室1厅,113.94
朝阳,590,环卫家园,3室1厅,127.75
朝阳,398,胜古北里,2室1厅,57.62
朝阳,430,朝阳新城六区,2室1厅,82.02
朝阳,275,定福庄西街,1室1厅,50.72
朝阳,418,驼房营南里,2室1厅,68.69
朝阳,332,安华里社区,1室1厅,38.14
朝阳,910,首城国际D区,2室1厅,88.57
朝阳,340,金隅康惠园2号院,2室1厅,73.28
朝阳,680,翠成馨园A区,2室2厅,119.54
朝阳,452,西坝河南里,2室1厅,57.98
朝阳,1156,华纺易城,3室2厅,138.03
朝阳,225,双桥六号井,2室1厅,54.39
朝阳,510,富力又一城C区,2室1厅,89.39
朝阳,255,首开畅心园,1室1厅,51.08
朝阳,1250,半岛国际公寓,3室2厅,132.47
朝阳,940,世纪东方城,3室2厅,142.99
朝阳,352,甘露家园,2室1厅,55.93
朝阳,360,百子湾家园一区,1室1厅,62.29
朝阳,868,国美第一城3号院,3室2厅,137.14
朝阳,958,北苑家园望春园,3室1厅,131.53
朝阳,399,保利嘉园一号院,2室1厅,88.08
朝阳,520,珠江绿洲,2室1厅,97.47
朝阳,1899,亚运新新家园竹溪园,4室2厅,224.72
朝阳,739,华阳公寓,3室1厅,127.69
朝阳,430,双惠小区,2室1厅,79.01
朝阳,390,潘家园小区,2室1厅,71.17
朝阳,570,白家庄北里,3室1厅,62.05
朝阳,445,农光里,2室1厅,64.21
朝阳,400,福润四季B区,2室1厅,75.23
朝阳,525,恋日绿岛,3室1厅,120.38
朝阳,698,惠新里小区,3室1厅,75.3
朝阳,600,望京西园一区,2室1厅,77.23
朝阳,1900,珠江帝景新博悦,4室2厅,182.59
朝阳,275,松榆东里,1室1厅,48.38
朝阳,600,潘家园东里,3室1厅,84.49
朝阳,480,华严北里2号院,2室1厅,55.56
朝阳,800,里外里公寓,2室2厅,151.02
朝阳,998,北京华侨城2号院,3室2厅,137.61
朝阳,538,华威北里,2室1厅,69.96
朝阳,1000,金港国际,2室2厅,112.06
朝阳,418,甘露园南里,3室1厅,76.97
朝阳,560,左家庄西街5号院,3室1厅,70.32
朝阳,465,壹线国际,1室1厅,74.74
朝阳,369,甘露园南里,2室1厅,58.84
朝阳,700,望京明苑,2室2厅,99.45
朝阳,1050,凯旋城,2室2厅,108.72
朝阳,580,北苑家园紫绶园,3室1厅,101.16
朝阳,990,安慧北里逸园,3室2厅,139.65
朝阳,549,华威北里,3室1厅,77.66
朝阳,490,砖角楼北里,2室1厅,69.12
朝阳,1250,宝星国际二期,3室1厅,146.68
朝阳,1030,康城别墅二期,5室3厅,274.15
朝阳,578,磨房南里,3室2厅,117.48
朝阳,350,劲松七区,2室1厅,58.82
朝阳,409,华威北里,2室1厅,63.1
朝阳,515,和平街十区,2室1厅,58.52
朝阳,402,华威西里,2室1厅,66.68
朝阳,445,华威北里,2室1厅,72.37
朝阳,680,天畅园,2室1厅,106.37
朝阳,782,亚运花园,2室1厅,113.66
朝阳,305,曙光里,1室1厅,36.12
朝阳,545,京通苑,3室1厅,131.06
朝阳,399,花家地南里,2室1厅,57.99
朝阳,449,磨房北里,3室1厅,77.95
朝阳,520,潘家园东里,3室1厅,84.49
朝阳,1250,季景沁园,3室1厅,142.56
朝阳,860,美景东方,3室2厅,143.77
朝阳,470,道家园,2室1厅,62.65
朝阳,998,大西洋新城E区,2室1厅,92.78
朝阳,655,富力又一城B区,3室2厅,121.85
朝阳,806,圣馨家园,2室1厅,94.75
朝阳,699,苹果派,3室2厅,112.77
朝阳,820,国美第一城2号院,3室1厅,130.78
朝阳,380,艺水芳园,2室1厅,78.8
朝阳,840,金海国际南区,3室1厅,149.97
朝阳,518,壹线国际,2室1厅,81.86
朝阳,415,翠成馨园E区,3室1厅,97.08
朝阳,470,朝阳新城五区,2室2厅,85.79
朝阳,430,金福家园,2室1厅,109.77
朝阳,479,翠成馨园E区,3室1厅,100.95
朝阳,640,卡布其诺,2室1厅,82.76
朝阳,660,书香亭,2室1厅,97.81
朝阳,265,定福庄北里2号院,2室1厅,57.84
朝阳,565,北京新天地三期,2室1厅,91.2
朝阳,1080,珠江帝景博悦,2室1厅,92.4
朝阳,870,金地名京,2室2厅,74.96
朝阳,449,十里堡北里,3室1厅,68.96
朝阳,945,安慧北里安园,3室2厅,136.64
朝阳,356,平乐园小区,2室1厅,57.9
朝阳,510,通惠家园,2室1厅,85.41
朝阳,830,圣馨大地,2室1厅,116.53
朝阳,410,金隅丽景园,3室2厅,89.2
朝阳,528,柏林爱乐二期,2室1厅,97.66
朝阳,475,金隅景和园,2室1厅,94.19
朝阳,1050,融域嘉园,2室2厅,109.23
朝阳,545,晨光家园A区,2室1厅,82.89
朝阳,280,金星小区,2室1厅,52.91
朝阳,280,华威西里,1室1厅,46.76
朝阳,535,小关北里,2室1厅,64.36
朝阳,1130,珠江帝景伯爵山,2室1厅,89.56
朝阳,615,澳林春天一期,2室1厅,76.08
朝阳,620,安慧里二区,2室2厅,65.92
朝阳,855,华腾园,3室2厅,129.54
朝阳,1299,季景沁园,3室2厅,157.57
朝阳,1290,禧福汇,3室1厅,137.3
朝阳,1230,中海安德鲁斯庄园西区,4室2厅,227.51
朝阳,1650,大西洋新城F区,3室2厅,145.15
朝阳,1240,维多莉亚花园公寓,3室2厅,154.47
朝阳,1440,远洋新干线,3室1厅,219.55
朝阳,1050,华腾园,3室1厅,139.19
朝阳,1470,首城国际C区,3室2厅,140.39
朝阳,1440,远洋新干线,3室1厅,225.75
朝阳,3450,望京金茂府,4室2厅,277.98
朝阳,1650,国风上观,3室2厅,184.36
朝阳,1800,中海安德鲁斯庄园东区,5室1厅,342.79
朝阳,1160,风格雅园,3室1厅,145.89
朝阳,3570,国奥村,4室3厅,287.7
朝阳,2550,红玺台,3室2厅,162.94
朝阳,2350,红玺台,3室2厅,161.48
朝阳,428,西坝河北里,1室1厅,46.58
朝阳,410,兴隆家园,1室0厅,67.15
朝阳,838,润泽公馆,2室2厅,87.1
朝阳,1030,富力城D区,2室1厅,87.24
朝阳,260,住欣家园,1室1厅,49.47
朝阳,340,苹果派,1室1厅,52.22
朝阳,340,华发颐园,1室0厅,59.53
朝阳,410,和平街十区,2室1厅,47.02
朝阳,393,呼家楼北街,1室1厅,51.96
朝阳,550,美然动力A2区,2室1厅,91.29
朝阳,275,松榆东里,1室1厅,40.54
朝阳,827,苹果社区南区,2室1厅,86.0
朝阳,458,团结湖北四条,2室1厅,59.32
朝阳,470,胜古北里,2室1厅,64.73
朝阳,656,芍药居北里,2室1厅,88.04
朝阳,860,逸翠园,2室1厅,87.18
朝阳,319,珠江绿洲,1室1厅,64.24
朝阳,618,利泽西园,1室1厅,70.09
朝阳,656,芍药居北里,2室1厅,88.04
朝阳,680,美立方,2室1厅,92.51
朝阳,315,华威北里,2室1厅,60.1
朝阳,548,美然动力A2区,2室1厅,100.97
朝阳,655,美华世纪,3室2厅,82.61
朝阳,1680,鸿坤花语墅,3室1厅,147.94
朝阳,385,水碓子东路,2室1厅,55.94
朝阳,950,广顺园,3室1厅,143.36
朝阳,738,奥林匹克花园四期,2室1厅,111.33
朝阳,1260,金港国际,3室2厅,131.64
朝阳,710,亮马嘉园,2室1厅,93.76
朝阳,420,福润四季A区,2室1厅,75.34
朝阳,545,农展南里,2室1厅,64.4
朝阳,420,大黄庄东路,2室1厅,114.58
朝阳,450,金台北街,2室1厅,60.85
朝阳,470,安贞西里,2室1厅,57.27
朝阳,455,双龙南里,3室1厅,70.28
朝阳,425,翠成馨园E区,2室1厅,90.03
朝阳,290,松榆里,1室1厅,42.51
朝阳,433,石佛营东里105号院,2室1厅,63.44
朝阳,356,和平街十四区,2室1厅,50.66
朝阳,400,甘露家园,2室1厅,69.47
朝阳,718,富力又一城B区,3室1厅,134.02
朝阳,805,惠中园,2室1厅,105.81
朝阳,560,西坝河北里,2室1厅,61.6
朝阳,318,劲松七区,2室1厅,50.07
朝阳,329,双桥小区,2室1厅,73.27
朝阳,700,和平街十一区,3室1厅,88.07
朝阳,329,双桥小区,2室1厅,73.27
朝阳,420,福润四季A区,2室1厅,75.34
朝阳,545,农展南里,2室1厅,64.4
朝阳,420,大黄庄东路,2室1厅,114.58
朝阳,450,金台北街,2室1厅,60.85
朝阳,465,安苑里,2室1厅,53.61
朝阳,1220,京师园,3室1厅,115.25
朝阳,295,翠成馨园A区,1室1厅,55.94
朝阳,398,驼房营南里,2室1厅,68.61
朝阳,805,惠中园,2室1厅,105.81
朝阳,718,富力又一城B区,3室1厅,134.02
朝阳,560,西坝河北里,2室1厅,61.6
朝阳,770,华贸城,2室1厅,81.92
朝阳,320,高家园三区,1室1厅,43.87
朝阳,385,金隅悦和园,2室1厅,78.34
朝阳,288,奥北南区,2室2厅,87.03
朝阳,360,柳芳北里,1室1厅,43.6
朝阳,315,翠成馨园E区,2室1厅,67.31
朝阳,279,柏林爱乐二期,1室0厅,38.64
朝阳,459,建东苑,2室2厅,87.82
朝阳,340,西坝河中里,1室1厅,42.28
朝阳,328,金台里,1室1厅,44.56
朝阳,779,金都杭城东区,2室2厅,87.76
朝阳,790,芍药居北里,2室1厅,84.69
朝阳,830,华源冠军城,2室1厅,78.85
朝阳,398,慈云寺,2室1厅,66.78
朝阳,768,芍药居,2室1厅,80.42
朝阳,856,华贸城,2室1厅,96.24
朝阳,849,远洋天地二期,2室2厅,116.53
朝阳,340,南十里居,2室1厅,53.84
朝阳,298,松榆东里,1室1厅,45.79
朝阳,600,沿海赛洛城七期,2室1厅,80.08
朝阳,550,西坝河中里,3室1厅,76.84
朝阳,830,华源冠军城,2室1厅,78.85
朝阳,315,翠成馨园E区,2室1厅,67.31
朝阳,856,华贸城,2室1厅,96.24
朝阳,849,远洋天地二期,2室2厅,116.53
朝阳,668,世纪村东区,2室1厅,82.26
朝阳,1035,澳林春天三期,2室2厅,118.08
朝阳,537,通惠家园,2室1厅,87.73
朝阳,780,京城雅居,4室2厅,159.57
朝阳,245,广播大院,2室1厅,53.72
朝阳,580,安慧里一区,3室1厅,67.76
朝阳,545,和平西街,2室1厅,58.33
朝阳,460,松榆里,2室1厅,76.15
朝阳,429,安慧里一区,2室1厅,55.02
朝阳,955,锦绣馨园,3室1厅,122.8
朝阳,456,富力又一城B区,2室1厅,82.14
朝阳,299,松榆里,1室1厅,42.16
朝阳,555,北苑家园茉藜园,2室1厅,98.36
朝阳,535,新街坊,2室2厅,85.04
朝阳,585,北苑家园茉藜园,2室1厅,108.22
朝阳,1230,嘉铭桐城D区,2室2厅,112.8
朝阳,448,红庙北里,3室1厅,72.88
朝阳,398,樱花园,1室1厅,48.23
朝阳,835,亚运豪庭,3室1厅,115.16
朝阳,679,北苑家园清友园,3室1厅,137.81
朝阳,357,华威北里,2室1厅,56.48
朝阳,1400,华瀚国际,3室2厅,164.98
朝阳,645,翠成馨园C区,3室2厅,124.79
朝阳,679,北苑家园清友园,3室1厅,137.81
朝阳,1360.4,富力城A区,3室1厅,132.06
朝阳,398,石佛营西里小区,1室1厅,61.07
朝阳,395,炫特嘉园二期,1室1厅,57.52
朝阳,435,柳芳北里,2室1厅,60.22
朝阳,595,小关北里,2室1厅,77.11
朝阳,610,国际港,2室1厅,88.0
朝阳,660,和平街十二区,2室1厅,76.71
朝阳,495,炫特嘉园三期,1室1厅,68.76
朝阳,448,美利山,1室1厅,76.96
朝阳,350,地杰长安驿,1室0厅,45.47
朝阳,285,十里堡南区,1室1厅,51.12
朝阳,276,10AM新坐标,1室0厅,41.26
朝阳,510,中环南路3号院,2室1厅,67.69
朝阳,496,后现代城A区,1室1厅,63.69
朝阳,285,东泽园,1室1厅,60.22
朝阳,524,丽都壹号,1室1厅,41.98
朝阳,415,胜古南里,2室1厅,56.0
朝阳,1270,合生国际花园,3室2厅,136.86
朝阳,430,芍药居5号院,1室1厅,39.89
朝阳,999,远洋万和城B区,2室1厅,83.66
朝阳,248,松榆东里,1室1厅,42.62
朝阳,660,保利香槟花园,1室1厅,71.1
朝阳,528,雅成一里,2室1厅,101.45
朝阳,380,甜水园北里,2室1厅,63.38
朝阳,382.8,柏林爱乐一期,1室1厅,56.8
朝阳,255,首开畅心园,1室1厅,51.49
朝阳,560,安贞西里,2室1厅,61.54
朝阳,420,安贞西里,2室1厅,56.66
海淀,930,北小马厂,3室1厅,97.64
海淀,1550,大有北里小区,4室3厅,132.0
海淀,1000,永达逸家,3室2厅,140.38
海淀,1130,熙湖,3室1厅,146.23
海淀,1330,文慧园北路甲6号院,3室1厅,125.54
海淀,1300,航天五院小区,3室1厅,104.7
海淀,705,西山洋房,2室2厅,91.25
海淀,625,志强北园,2室1厅,62.74
海淀,910,中鑫嘉园,2室1厅,102.18
海淀,492,宝盛西里,2室1厅,68.6
海淀,690,甘家口小区,2室1厅,84.6
海淀,590,阜北小区,2室1厅,56.5
海淀,926,科技大学,3室1厅,75.6
海淀,835,王公坟社区,3室1厅,71.1
海淀,635,福美苑,2室2厅,89.64
海淀,810,莱圳家园,2室1厅,91.64
海淀,1599,御墅临枫锦园一区,3室1厅,186.08
海淀,1080,太月园,2室1厅,92.4
海淀,620,北三环中路40号院,1室1厅,58.53
海淀,990,天秀花园安和园,4室2厅,127.14
海淀,720,宝盛西里,3室1厅,91.9
海淀,835,科委宿舍,3室1厅,72.9
海淀,608,复兴路79号院,2室1厅,64.2
海淀,520,北京邮电大学,2室1厅,50.1
海淀,1015,恩济花园,2室1厅,97.5
海淀,2200,郦城三区,4室2厅,195.83
海淀,1150,中关村东路106号院,3室1厅,96.76
海淀,1900,金隅山墅,5室3厅,204.0
海淀,745,怡清园,2室1厅,117.54
海淀,1180,百旺茉莉园,3室2厅,129.1
海淀,535,永定路70号院,2室1厅,59.5
海淀,1288,信悦华庭,3室2厅,147.87
海淀,690,万寿路12号院,2室1厅,64.1
海淀,720,门头馨村北二区,3室2厅,126.12
海淀,660,清华园,2室1厅,50.9
海淀,410,永定路85号院,2室1厅,56.1
海淀,799,学知轩,3室2厅,148.59
海淀,1360,北辰香麓,4室2厅,248.02
海淀,1050,远大园四区,3室1厅,119.01
海淀,2880,五矿万科如园,4室2厅,287.37
海淀,2650,鲁艺上河村,4室2厅,198.09
海淀,1120,碧森里,3室2厅,131.63
海淀,482,罗庄西里,1室1厅,44.18
海淀,880,都景苑,2室1厅,94.59
海淀,468,大慧寺20号院,1室1厅,41.28
海淀,650,西三环北路23号院,2室1厅,57.07
海淀,899,远大园四区,2室1厅,83.72
海淀,520,建西苑北里,2室1厅,79.3
海淀,540,永泰庄甲6号院,2室1厅,63.6
海淀,550,菊园,2室1厅,62.45
海淀,1580,颐源居小区,4室2厅,159.74
海淀,476,安宁里南区,2室1厅,69.29
海淀,589,永泰园新地标,1室1厅,82.22
海淀,550,昌运宫9号院,3室0厅,59.4
海淀,595,玉海园二里,2室1厅,61.1
海淀,599,万寿路12号院,2室1厅,57.9
海淀,550,皂君东里,2室1厅,54.2
海淀,1450,山水倾城,3室2厅,134.9
海淀,735,八里庄北里,3室1厅,73.9
海淀,565,新康园,2室1厅,109.46
海淀,1966,康桥水郡,3室1厅,123.48
海淀,588,玉海园一里,2室1厅,61.1
海淀,780,北坞嘉园北里,2室2厅,83.68
海淀,920,宝盛北里,3室1厅,126.47
海淀,525,金沟河3号院,2室1厅,61.7
海淀,550,明光村小区,2室1厅,55.2
海淀,525,西木小区,2室1厅,53.5
海淀,570,昌运宫,2室1厅,50.5
海淀,830,北沙沟,3室1厅,85.1
海淀,888,志新北里,3室1厅,86.7
海淀,1065,友谊社区,2室1厅,98.11
海淀,850,中国矿业大学校内,3室1厅,82.07
海淀,579,万寿路1号院,2室1厅,61.8
海淀,660,甘家口小区,2室1厅,61.4
海淀,570,上园村,2室1厅,54.1
海淀,910,今日家园,3室1厅,133.2
海淀,899,博雅德园,2室2厅,125.9
海淀,1350,百旺家苑,4室2厅,164.45
海淀,837,建设部大院,2室1厅,66.01
海淀,620,永泰园,2室1厅,81.21
海淀,360,前沙涧路7号院,2室1厅,86.55
海淀,685,北洼路62号院,3室1厅,69.9
海淀,460,宝盛北里,1室1厅,62.53
海淀,628,学院南路60号院,3室1厅,58.9
海淀,698,金庄1号院,2室1厅,77.7
海淀,720,玉泉路16号院,3室1厅,81.9
海淀,1000,丹青府,3室1厅,128.89
海淀,603,普惠南里,3室1厅,60.4
海淀,1198,枫丹丽舍,3室2厅,148.54
海淀,1218,中海枫涟山庄,3室2厅,121.83
海淀,650,玉海园三里,2室1厅,72.41
海淀,1788,御墅临枫锦园一区,3室1厅,191.01
海淀,599,翠微路甲9号院,2室1厅,60.0
海淀,850,翠微南里,3室1厅,78.2
海淀,652,翠微路2号院,2室1厅,59.8
海淀,1480,魏公村8号院,4室2厅,127.2
海淀,470,金沟河2号院,3室1厅,56.4
海淀,1118,怡美家园,3室2厅,119.96
海淀,990,翠微东里,3室1厅,87.75
海淀,750,北三环中路46号院,2室1厅,74.26
海淀,799,景和园,3室1厅,93.87
海淀,728,六建,3室1厅,78.0
海淀,445,幸福时光,2室1厅,58.77
海淀,990,百旺茉莉园,2室1厅,116.99
海淀,564,学院南路6号,2室1厅,57.51
海淀,738,翠微东里,2室1厅,64.4
海淀,840,枫丹丽舍,2室1厅,104.21
海淀,599,清缘里中区,2室1厅,85.76
海淀,449,永达逸家,1室1厅,58.6
海淀,2000,远大园三区,3室2厅,184.73
海淀,768,玉海园五里,2室2厅,82.0
海淀,525,志强北园,2室1厅,54.9
海淀,1450,燕归园,3室1厅,101.88
海淀,489,永泰东里,2室1厅,60.67
海淀,784,阜光里小区,3室1厅,81.2
海淀,1750,工商大学东校区,3室2厅,130.74
海淀,488,德胜门西大街甲5号,1室1厅,56.9
海淀,1130,北洼西里,3室2厅,116.2
海淀,480,环山村,3室1厅,95.2
海淀,640,定慧北里,2室1厅,63.27
海淀,3300,五矿万科如园,5室3厅,441.39
海淀,2690,西钓鱼台嘉园,3室3厅,252.97
海淀,3300,郦城三区,5室2厅,268.44
海淀,1340,韦伯豪家园,2室1厅,112.12
海淀,405,八宝庄,1室1厅,42.9
海淀,778,牡丹园东里,2室1厅,75.3
海淀,415,王庄路27号院,1室1厅,42.0
海淀,1065,郦城三区,2室1厅,98.52
海淀,405,甘家口小区,1室1厅,42.4
海淀,545,景王坟,2室1厅,55.5
海淀,560,科技大学,2室1厅,53.35
海淀,1065,郦城二区,2室1厅,100.33
海淀,700,冬晴园,2室1厅,81.45
海淀,750,马连洼北路1号院,2室1厅,53.8
海淀,535,学院南路乙12号,2室1厅,54.5
海淀,720,学院南路60号院,2室1厅,59.1
海淀,400,北三环中路46号院,1室1厅,38.14
海淀,300,老年医院家属楼,2室1厅,51.6
海淀,445,永泰东里,2室1厅,58.17
海淀,610,塔院小区,2室1厅,55.6
海淀,656,首体家属院,3室1厅,56.9
海淀,615,车道沟社区,3室1厅,70.3
海淀,390,农业职业学院家属院,2室1厅,50.1
海淀,750,城华园,2室1厅,78.42
海淀,745,北坞嘉园北里,2室2厅,85.02
海淀,1079,永安东里,3室2厅,118.3
海淀,333,玉泉路16号院,1室1厅,36.2
海淀,698,定慧北里,3室1厅,73.54
海淀,1390,熙湖,3室2厅,184.16
海淀,730,小营干休所,4室1厅,102.26
海淀,570,明光北里,2室1厅,61.4
海淀,920,紫金庄园,2室1厅,92.8
海淀,850,今日家园,2室2厅,100.97
海淀,755,智学苑,3室2厅,124.34
海淀,635,苏州街77号院,2室1厅,57.8
海淀,360,建材城西一里,2室1厅,52.7
海淀,678,清缘里中区,3室1厅,112.91
海淀,599,万寿路1号院,2室1厅,62.03
海淀,750,宝盛北里,2室1厅,105.2
海淀,850,定慧福里北区,3室1厅,100.91
海淀,975,熙湖,2室2厅,122.67
海淀,1598,冠城北园,2室2厅,149.29
海淀,1980,天兆家园,3室2厅,170.59
海淀,1388,燕归园,3室1厅,96.26
海淀,658,昌运宫,3室1厅,72.6
海淀,628,清缘里中区,2室2厅,102.97
海淀,485,翠微中里,2室1厅,55.32
海淀,650,西单宿舍,3室1厅,61.3
海淀,2420,国兴家园,4室1厅,169.25
海淀,660,正源尚峰尚水,2室1厅,74.25
海淀,633,普惠南里,2室1厅,59.7
海淀,985,富丽小区,3室1厅,89.66
海淀,1080,万寿路甲15号院五区,2室1厅,81.6
海淀,1697,10号名邸,3室1厅,207.02
海淀,559,志强北园,2室1厅,63.82
海淀,739,复兴路61号院,3室1厅,78.2
海淀,1400,人民大学北路33号院,3室1厅,177.36
海淀,650,枫蓝国际,1室1厅,70.94
海淀,1600,10号名邸,3室1厅,205.98
海淀,418,永定路1号院,2室1厅,50.8
海淀,940,厂洼西街10号院,2室1厅,80.4
海淀,680,永金里小区,2室1厅,80.73
海淀,1820,美丽经典园,3室2厅,147.32
海淀,1240,中国房子,3室2厅,140.25
海淀,1320,金雅园北区,3室2厅,135.64
海淀,1050,百旺家苑,2室2厅,121.18
海淀,523,兰德华庭,1室1厅,59.14
海淀,545,上园村,2室1厅,53.5
海淀,655,水文大院,3室1厅,66.0
海淀,650,永定路70号院,3室1厅,74.3
海淀,886,永泰园新地标,3室2厅,139.59
海淀,1090,华澳中心,2室2厅,141.32
海淀,820,燕北园,3室1厅,81.6
海淀,1076,怡美家园,3室1厅,122.39
海淀,720,田村山南路9号院,3室1厅,89.61
海淀,1080,学知园,3室2厅,132.8
海淀,645,铁路小区,3室1厅,89.58
海淀,427,田村半壁店90号院,2室1厅,59.8
海淀,520,门头馨村北二区,2室2厅,92.89
海淀,490,索家坟,2室1厅,52.4
海淀,2175,万泉新新家园,3室1厅,131.04
海淀,1380,百旺茉莉园,3室2厅,163.36
海淀,598,普惠南里,2室1厅,60.0
海淀,780,金沟河10号院,3室1厅,96.9
海淀,1210,大苑海淀名著,3室2厅,113.26
海淀,700,万寿路乙14号,2室1厅,68.58
海淀,680,保利西山林语,3室1厅,95.16
海淀,549,德胜门西大街甲5号,1室1厅,56.9
海淀,1080,怡秀园小区,3室1厅,85.13
海淀,758,北坞嘉园北里,2室2厅,85.77
海淀,660,兰德华庭,2室1厅,70.53
海淀,500,铁东小区,2室1厅,51.1
海淀,660,复兴路79号院,2室1厅,75.8
海淀,580,翠微南里,2室2厅,54.29
海淀,510,定慧北里,2室1厅,52.45
海淀,950,小南庄社区,2室2厅,90.43
海淀,745,智学苑,2室2厅,114.5
海淀,636,文慧园北路甲6号院,2室1厅,64.9
海淀,858,高第小区,3室1厅,70.9
海淀,930,太阳园,2室1厅,77.31
海淀,600,阜成路甲3号,2室1厅,56.22
海淀,430,城华园,1室0厅,50.71
海淀,1258,农科院,3室1厅,92.93
海淀,595,福美苑,2室1厅,89.67
海淀,609,蓟门东里,2室1厅,61.7
海淀,509,明光村小区,2室1厅,53.5
海淀,796,当代城市家园,2室1厅,86.97
海淀,708,万泉河62号院,2室1厅,60.2
海淀,668,学院南路60号院,2室1厅,59.1
海淀,530,八里庄北里,2室1厅,57.5
海淀,710,北洼东里,2室1厅,70.9
海淀,660,西直门北大街43号院,2室1厅,59.0
海淀,358,轮胎厂宿舍,2室1厅,50.1
海淀,438,温泉路45号院,2室1厅,76.92
海淀,870,北三环中路甲43号院,2室1厅,81.08
海淀,600,明光村小区,2室1厅,59.8
海淀,720,金谷园,2室1厅,68.46
海淀,560,水科院,1室1厅,46.3
海淀,445,菊园,1室1厅,52.74
海淀,690,北太平庄路2号院,2室1厅,64.1
海淀,468,城华园,1室1厅,62.15
海淀,737,学知园,2室1厅,89.8
海淀,430,铭科苑,1室1厅,58.5
海淀,899,领秀新硅谷1号院,2室1厅,95.54
海淀,490,竹园,2室1厅,60.68
海淀,540,罗庄东里,2室1厅,56.9
海淀,615,保利西山林语,2室1厅,94.34
海淀,585,大柳树13号院,2室1厅,60.8
海淀,468,北洼西里,1室1厅,54.12
海淀,488,永泰东里,2室1厅,60.22
海淀,745,北太平路16号院,3室1厅,69.2
海淀,678,民族大学南路19号院,2室1厅,61.8
海淀,730,美丽西园,2室1厅,81.05
海淀,810,建设部大院,2室1厅,62.4
海淀,915,魏公村8号院,2室2厅,86.36
海淀,485,车公庄西路14号院,1室1厅,37.9
海淀,780,牡丹园北里,2室1厅,79.42
海淀,675,秋露园,2室1厅,76.61
海淀,408,轮胎厂宿舍,2室1厅,58.2
海淀,569,农林科学院宿舍,2室1厅,56.3
海淀,490,文慧园,1室1厅,49.1
海淀,800,知春路47号院,2室1厅,68.24
海淀,805,望塔园,2室1厅,81.52
海淀,460,西木小区,2室1厅,49.5
海淀,699,林大北路9号院,2室1厅,70.46
海淀,739,逸成东苑,2室1厅,75.6
海淀,520,北京林业大学校内,2室1厅,56.7
海淀,1218,太阳园,2室1厅,93.41
海淀,439,恩济庄46号院,1室1厅,50.49
海淀,839,美丽西园,2室1厅,81.05
海淀,820,北太平路甲18号,3室1厅,77.1
海淀,488,金隅瑞和园,2室1厅,73.01
海淀,739,车道沟10号院,2室1厅,63.8
海淀,1360,怡秀园小区,4室1厅,119.59
海淀,3900,五矿万科如园,6室3厅,455.98
海淀,401,财智公馆,1室1厅,48.64
海淀,598,文慧园北路甲26号,2室1厅,58.49
海淀,600,车公庄西路38号院,2室1厅,68.2
海淀,530,交大东路19号院,2室1厅,55.87
海淀,935,润千秋佳苑,2室1厅,98.88
海淀,690,交大东路31号院,3室1厅,75.0
海淀,530,海清园,2室1厅,88.29
海淀,538,宝盛西里,2室1厅,77.8
海淀,552,福美苑,2室1厅,83.09
海淀,385,温泉路45号院,2室1厅,61.6
海淀,550,今日家园,1室1厅,72.64
海淀,850,健翔园,2室1厅,83.8
海淀,650,青云北区,2室1厅,53.0
海淀,590,保利西山林语,2室1厅,90.33
海淀,535,蓟门东里,2室1厅,61.1
海淀,576.6,知春里,1室1厅,51.9
海淀,820,牡丹园东里,2室1厅,75.3
海淀,1380,颐慧佳园A区,2室1厅,110.38
海淀,708,世华龙樾一期西区,2室1厅,75.99
海淀,785,恩济里小区,3室1厅,79.0
海淀,480,翠微路平台村,1室1厅,40.8
海淀,790,静淑苑,2室1厅,66.5
海淀,1250,金晖嘉园,2室2厅,101.34
海淀,709,海淀南路,2室1厅,55.2
海淀,650,水木天成,2室1厅,88.69
